번호,작성일,리뷰,광고성,감성,긍정점수,부정점수
1,2026-04-14,"[오쏘몰] 이뮨 멀티비타민&미네랄 (7일분) x 2박스 이 후기는 판매구성이 다르지만 본품이 동일한 상품을 구매 후 작성된 후기입니다. 판매구성에 따라 용량, 구성, 상품명 등 일부 정보가 상이할 수 있습니다. 오쏘몰은 12년전 독일 비어헤페 직구하던 쇼핑몰에서 1병을 사은품으로 받아서 물건뜯던 그자리에서 알약이랑 액체랑 들이키고 눈이 번쩍뜨였어요. 맛있어서 한번 놀래고, 피곤함이 확 사라져서 또 한번 놀랬어요. 그래서 이 비타민이 도대체 뭔가하고 찾아보니 오쏘몰이었고, 그 이후로 비싸도 가끔 챙겨먹던 비타민입니다. 피로회복엔 오쏘몰만큼 좋은게 없어요. 건강하신분들은 먹어도 크게 좌우되지않아서 좋은지 모르실거에요. 저는 극심한 피로가 자주오는 저질체력이라 오쏘몰 먹으면 피로감이 잡히더라고요. 컬리에서 유통기한 임박상품으로 구매해서 저렴한 이가격에 살수있다니 너무좋습니다. 유통기한 임박상품치고 6월 27일까지라서 너무감사하네요. 피로에 지친 지인도 선물할겸 2세트 주문해서 총4박스 왔어요. 아침식사후 알약과 액체 뜯어마셔보니, 예전 먹던 농도보다 농축된 느낌인데, 유통기한 임박상품이라 그런건지, 아님 그동안 안먹어본 사이 오쏘몰 농도가 바뀐건지 그건 모르겠어요. ㅋㅋ 암튼 뭐 좀더 단 느낌의 신맛없는 오렌지주스 농축액 느낌이 납니다. 예전에가 더 맛있었던거 같기도하고..그래요. 암튼 좋은가격에 잘복용하겠어요. 혓바늘 돋아서 마셨는데 금방 회복될것같아요.",False,긍정,5,3
2,2026-04-02,[오쏘몰] 멀티비타민&미네랄 (30일분)(임박특가) 남편이 좋아하는 영양제라ㅎ 임박특가지만 유통기한이 그래도 넉넉한 편입니다:),False,중립,0,0
3,2026-08-30,[오쏘몰] 이뮨 멀티비타민&미네랄 (30일분) 7일 짜리 자주 사기 귀찮은데 30일 대용량 굿,False,긍정,1,0
4,2026-04-05,"[오쏘몰] 이뮨 멀티비타민&미네랄 (7일분) x 2박스 이 후기는 판매구성이 다르지만 본품이 동일한 상품을 구매 후 작성된 후기입니다. 판매구성에 따라 용량, 구성, 상품명 등 일부 정보가 상이할 수 있습니다. 걸쭉한 액상입니다.. 먹고나니 웬지 기력이 도는 느낌~~ 좋아요.",False,긍정,1,0
5,2025-11-17,"[오쏘몰] 이뮨 멀티비타민&미네랄 (7일분) x 2박스 이 후기는 판매구성이 다르지만 본품이 동일한 상품을 구매 후 작성된 후기입니다. 판매구성에 따라 용량, 구성, 상품명 등 일부 정보가 상이할 수 있습니다. 오쏘몰 이뮨 멀티비타민&미네랄은 몇 년 전부터 저의 건강 관리 필수품이예요. 몇 년 전만해도 직구로 아니면 직접 독일에서 구입하는 방법으로 구입했었는데요. 언제부터인가 컬리에서도 쉽게 구입할 수 있어서 너무 반가웠어요. 30일분 대용량 제품은 컬리에서도 판매자발송 제품이라서 구입하고 꽤 기다려야 제품을 받을 수 있는데, 이 제품은 샛별배송이 가능한 제품이라서 밤 11시 전까지만 구입하면 바로 받을 수 있어서 너무 좋아요. 건강이 좋지 않을 때 오쏘몰을 처음 알게돼서 지금까지 꾸준히 섭취하고 있는데요. 면역력을 유지하는데 꽤 좋은 제품이에요. 먹다가 안 먹으면 확실히 몸이 달라짐이 느껴져서 안 챙길 수 없는 오쏘몰이에요. 알약과 액상이 한구성이라서 섭취하기도 좋고 한개씩 외출 시에 챙기기도 좋아요. 임박 상품이라서 저렴하게 구입해서 더 좋네요. 저처럼 임박 상품이라도 괜찮으신 분들에게는 추천드려요. 1-2세트 더 구입해서 꾸준히 섭취해도 좋을거 같아요",False,긍정,6,0
6,2026-02-16,"[오쏘몰] 이뮨 멀티비타민&미네랄 (7일분) x 2박스 이 후기는 판매구성이 다르지만 본품이 동일한 상품을 구매 후 작성된 후기입니다. 판매구성에 따라 용량, 구성, 상품명 등 일부 정보가 상이할 수 있습니다. 오쏘몰 유명하쥬! 이번에 특가로 싸게 나와서 구매했어요! 1+1이에요. 기한이 4월까지라 빨리 먹어야 겠지만 주변분들한테도 드리고, 저도 먹어보이 밤에 눈이 빤짝 빤짝!!",False,중립,0,0
7,2026-08-10,"[오쏘몰] 이뮨 멀티비타민&미네랄 (7일분) 이 후기는 판매구성이 다르지만 본품이 동일한 상품을 구매 후 작성된 후기입니다. 판매구성에 따라 용량, 구성, 상품명 등 일부 정보가 상이할 수 있습니다. 피곤하고 체력이 떨어질 때 오쏘몰 만한게 없습니다. 박스 아닌 비닐에 간단히 담겨 배송되는 것도 좋네요.",False,중립,0,0
8,2026-02-05,"[오쏘몰] 이뮨 멀티비타민&미네랄 (7일분) x 2박스 이 후기는 판매구성이 다르지만 본품이 동일한 상품을 구매 후 작성된 후기입니다. 판매구성에 따라 용량, 구성, 상품명 등 일부 정보가 상이할 수 있습니다. 오쏘몰 좋은건 너무 잘 알고 있고, 가격이 너무 착해서 구입했습니다. 유통기한 짧은거라 특가세일하는걸로 알고 구입했구요, 저희는 바로 먹을거고 또 해외배송 아니고 다음날새벽 바로 배송 받을 수 있다는 장점이 있어서 구입했습니다. 7일분 2박스 받았는데 이가격에 오쏘몰 이뮨 비타민을 주문할 수 있어서 너무 기분 좋구요~ 혹시나 기간때문에 걱정했는데 받아보니 2달정도 기한이 있어서 잘 먹을 수 있을것 같습니다. 처음에 선물 받고 먹었는데 식구들이 모두 반응이 너무 좋고 다른 비타민에 비해서 확실히 효과가 느껴져서 자주 구입해서 먹고 있어요. 컬리에서 직구로 구입하는것도 가격이 좋고 배송은 일주일정도 기다리면 되서 앞으로는 자주 구입해서 먹을것 같아요! 요즘 감기때문에 모두들 불안한데 매일 한병씩 먹고 있습니다!",False,긍정,2,0
9,2026-08-07,[오쏘몰] 이뮨 멀티비타민&미네랄 (30일분) 믿고 먹는 오쏘몰 체력 관리를 위해 쟁여놓고 먹어요. 요즘 같이 더운 날은 필수인 거 같네요 ㅠㅠ,False,중립,0,0
10,2026-05-08,"[오쏘몰] 이뮨 멀티비타민&미네랄 7개입x 2박스 (14일분)(임박특가+쇼핑백증정) 이 후기는 판매구성이 다르지만 본품이 동일한 상품을 구매 후 작성된 후기입니다. 판매구성에 따라 용량, 구성, 상품명 등 일부 정보가 상이할 수 있습니다. 요증 부쩍 피곤한데 비타민 잘 챙겨먹어야 된대서 재주문했어요",False,중립,0,0
